<annotation>
	<folder>paper</folder>
	<filename>paper01-000_png.rf.02152baa06324655efacad9c5bda9f1a.jpg</filename>
	<path>C:\Rock Paper Scissors.v1-raw-300x300.folder\train\paper\paper01-000_png.rf.02152baa06324655efacad9c5bda9f1a.jpg</path>
	<source>
		<database>Unknown</database>
	</source>
	<size>
		<width>300</width>
		<height>300</height>
		<depth>3</depth>
	</size>
	<segmented>0</segmented>
	<object>
		<name>paper</name>
		<pose>Unspecified</pose>
		<truncated>1</truncated>
		<difficult>0</difficult>
		<bndbox>
			<xmin>42</xmin>
			<ymin>3</ymin>
			<xmax>264</xmax>
			<ymax>300</ymax>
		</bndbox>
	</object>
</annotation>
